{"err":{},"level":"error","message":"[antiCrash] :: Uncaught Exception/Catch (MONITOR)","origin":"uncaughtException","timestamp":"2024-06-24T18:31:12.696Z"}
{"level":"error","message":"[antiCrash] :: Unhandled Rejection/Catch","p":{},"reason":{"code":50035,"method":"POST","rawError":{"code":50035,"errors":{"message_reference":{"_errors":[{"code":"MESSAGE_REFERENCE_UNKNOWN_MESSAGE","message":"Unknown message"}]}},"message":"Invalid Form Body"},"requestBody":{"files":[],"json":{"allowed_mentions":{"parse":[],"replied_user":false},"content":":no_entry_sign: You must be listening in `🔊  |  𝐕𝐨𝐢𝐜𝐞 𝐈𝐈` to use that!","message_reference":{"fail_if_not_exists":true,"message_id":"1255119433240940605"},"tts":false}},"status":400,"url":"https://discord.com/api/v10/channels/1222639050444378123/messages"},"timestamp":"2024-06-25T11:16:32.515Z"}
{"err":{},"level":"error","message":"[antiCrash] :: Uncaught Exception/Catch (MONITOR)","origin":"uncaughtException","timestamp":"2024-06-25T15:47:07.960Z"}
{"err":{},"level":"error","message":"[antiCrash] :: Uncaught Exception/Catch (MONITOR)","origin":"uncaughtException","timestamp":"2024-06-25T19:21:41.923Z"}
